row,industry,1997,1998,1999,2000,2001,2002,2003,2004,2005,2006,2007,2008,2009,2010,2011,2012,2013,2014,2015,2016,2017,2018,2019,2020,2021,2022,2023
1,        Gross domestic product,100,100,100,100,100,100,100,100,100,100,100,100,100,100,100,100,100,100,100,100,100,100,100,100,100,100,100
2,Private industries,86.6,86.9,87,87.1,86.8,86.5,86.4,86.6,86.9,87,87,86.6,85.9,86,86.3,86.7,86.9,87.1,87.2,87.3,87.5,87.6,87.8,87.3,88.1,88.7,88.8
3,"    Agriculture, forestry, fishing, and hunting",1.3,1.1,1,1,1,0.9,1,1.2,1,0.9,1,1,0.9,1,1.2,1.1,1.3,1.1,1,0.9,0.9,0.9,0.8,0.8,1,1.1,1
4,        Farms,1,0.9,0.7,0.7,0.7,0.7,0.8,1,0.8,0.7,0.8,0.8,0.7,0.8,1,0.9,1.1,0.9,0.8,0.7,0.7,0.7,0.6,0.6,0.8,0.9,0.8
5,            Crop production,0.6,0.5,0.4,0.4,0.3,0.4,0.4,0.5,0.3,0.3,0.4,0.4,0.4,0.4,0.6,0.5,0.7,0.5,0.4,0.4,0.4,0.3,0.3,0.2,0.4,0.5,0.4
6,            Animal production and aquaculture,0.4,0.4,0.4,0.4,0.4,0.3,0.4,0.5,0.5,0.4,0.4,0.4,0.3,0.3,0.4,0.4,0.4,0.4,0.4,0.3,0.3,0.3,0.3,0.3,0.4,0.4,0.4
7,"        Forestry, fishing, and related activities",0.2,0.2,0.2,0.2,0.2,0.2,0.2,0.2,0.2,0.2,0.2,0.2,0.2,0.2,0.2,0.2,0.2,0.2,0.2,0.2,0.2,0.2,0.2,0.2,0.2,0.2,0.2
8,    Mining,1.1,0.9,0.9,1.1,1.2,1,1.2,1.4,1.7,2,2.2,2.7,1.9,2,2.3,2.2,2.3,2.4,1.4,1.1,1.4,1.5,1.4,0.9,1.4,1.8,1.5
9,        Oil and gas extraction,0.6,0.4,0.5,0.7,0.7,0.6,0.8,0.9,1.2,1.3,1.4,1.8,1.2,1.3,1.4,1.4,1.5,1.5,0.8,0.7,0.8,0.9,0.8,0.5,0.9,1.2,0.9
10,"        Mining, except oil and gas",0.3,0.3,0.3,0.3,0.3,0.2,0.3,0.3,0.3,0.4,0.4,0.4,0.4,0.5,0.5,0.4,0.4,0.3,0.3,0.2,0.3,0.3,0.2,0.3,0.3,0.3,0.3
11,        Support activities for mining,0.2,0.2,0.1,0.1,0.2,0.1,0.1,0.2,0.2,0.3,0.3,0.4,0.3,0.3,0.4,0.4,0.4,0.5,0.3,0.2,0.3,0.3,0.3,0.2,0.2,0.2,0.3
12,    Utilities,2,1.8,1.9,1.8,1.7,1.6,1.6,1.6,1.5,1.6,1.6,1.6,1.8,1.9,1.8,1.7,1.7,1.7,1.6,1.6,1.6,1.6,1.5,1.6,1.7,1.7,1.6
13,"        Electric power generation, transmission, and distribution",1.7,1.5,1.6,1.5,1.4,1.3,1.3,1.3,1.2,1.2,1.2,1.2,1.4,1.4,1.4,1.4,1.3,1.3,1.3,1.3,1.3,1.3,1.3,1.3,1.3,1.4,1.3
14,"        Natural gas distribution and water, sewage and other systems",0.3,0.3,0.3,0.3,0.3,0.3,0.3,0.4,0.4,0.4,0.4,0.4,0.4,0.4,0.4,0.4,0.4,0.4,0.3,0.3,0.3,0.3,0.3,0.3,0.3,0.3,0.3
15,    Construction,4,4.2,4.3,4.5,4.6,4.5,4.6,4.8,5,5,4.9,4.4,3.9,3.5,3.4,3.4,3.5,3.7,3.9,4.1,4.3,4.3,4.4,4.5,4.3,4.3,4.4
16,"        Education, hospital, and health structures",0.5,0.5,0.5,0.5,0.5,0.5,0.5,0.5,0.5,0.5,0.5,0.5,0.4,0.4,0.4,0.4,0.4,0.4,0.4,0.4,0.4,0.4,0.4,0.4,0.4,0.4,0.4
17,        Maintenance and repair construction,0.6,0.6,0.7,0.7,0.7,0.8,0.8,0.8,0.8,0.8,0.8,0.8,0.7,0.6,0.6,0.6,0.7,0.7,0.7,0.7,0.7,0.7,0.7,0.7,0.7,0.7,0.7
18,        Office and commercial structures,0.4,0.5,0.5,0.5,0.5,0.5,0.5,0.5,0.5,0.6,0.6,0.5,0.4,0.3,0.3,0.2,0.3,0.3,0.3,0.4,0.4,0.4,0.4,0.4,0.4,0.4,0.4
19,        Other residential construction,0.6,0.7,0.7,0.7,0.7,0.7,0.7,0.7,0.8,0.7,0.7,0.6,0.6,0.5,0.6,0.6,0.6,0.6,0.7,0.7,0.8,0.8,0.8,0.9,0.8,0.8,0.8
20,        Other nonresidential structures,0.4,0.4,0.5,0.5,0.5,0.5,0.5,0.5,0.5,0.6,0.7,0.6,0.5,0.4,0.4,0.4,0.4,0.4,0.5,0.5,0.5,0.5,0.6,0.5,0.4,0.5,0.7
21,        Power and communication structures,0.3,0.3,0.3,0.3,0.3,0.2,0.2,0.2,0.3,0.3,0.4,0.4,0.4,0.3,0.3,0.4,0.4,0.4,0.4,0.4,0.4,0.4,0.4,0.4,0.3,0.3,0.3
22,        Single-family residential structures,0.8,0.9,1,1,1,1,1.1,1.2,1.3,1.2,1,0.7,0.5,0.5,0.4,0.4,0.5,0.5,0.6,0.6,0.7,0.7,0.7,0.7,0.9,0.9,0.7
23,        Transportation structures and highways and streets,0.3,0.3,0.4,0.4,0.4,0.4,0.4,0.3,0.4,0.4,0.4,0.4,0.4,0.3,0.3,0.4,0.4,0.4,0.4,0.4,0.4,0.4,0.4,0.4,0.3,0.3,0.4
24,    Manufacturing,16.1,15.8,15.5,15.1,13.9,13.4,13.3,13.2,13,13,12.8,12.2,11.7,11.9,11.9,11.8,11.7,11.4,11.3,10.8,10.8,10.9,10.5,10.1,10.2,10.3,10.2
25,        Durable goods,9.6,9.4,9.1,9,7.9,7.6,7.5,7.4,7.3,7.3,7.1,6.8,6,6.3,6.5,6.5,6.4,6.3,6.3,6.1,6,6,5.9,5.6,5.4,5.4,5.5
26,            Wood products,0.3,0.3,0.3,0.3,0.3,0.2,0.3,0.3,0.3,0.2,0.2,0.2,0.1,0.2,0.2,0.2,0.2,0.2,0.2,0.2,0.2,0.2,0.2,0.2,0.3,0.2,0.2
27,            Nonmetallic mineral products,0.5,0.5,0.4,0.4,0.4,0.4,0.4,0.4,0.4,0.4,0.3,0.3,0.3,0.3,0.2,0.3,0.3,0.3,0.3,0.3,0.3,0.3,0.3,0.3,0.3,0.3,0.3
28,            Primary metals,0.6,0.5,0.5,0.5,0.4,0.4,0.3,0.4,0.4,0.5,0.4,0.5,0.3,0.3,0.4,0.4,0.4,0.4,0.3,0.3,0.3,0.3,0.3,0.3,0.3,0.3,0.3
29,                    Iron and steel mills and manufacturing from purchased steel,0.2,0.2,0.2,0.2,0.2,0.2,0.1,0.2,0.2,0.2,0.2,0.2,0.1,0.1,0.2,0.2,0.2,0.2,0.1,0.1,0.1,0.2,0.1,0.1,0.2,0.2,0.2
30,                    Nonferrous metal production and processing and foundries,0.3,0.3,0.3,0.3,0.2,0.2,0.2,0.2,0.2,0.3,0.2,0.2,0.2,0.2,0.2,0.2,0.2,0.2,0.2,0.2,0.2,0.2,0.2,0.1,0.1,0.1,0.1
31,            Fabricated metal products,1.3,1.2,1.2,1.2,1,1,0.9,0.9,0.9,0.9,0.9,0.9,0.8,0.8,0.8,0.8,0.8,0.8,0.8,0.8,0.7,0.7,0.7,0.7,0.6,0.7,0.7
32,            Machinery,1.2,1.3,1.2,1.1,1,0.9,0.9,0.9,0.9,0.9,0.9,0.9,0.8,0.8,0.9,0.9,0.9,0.9,0.8,0.7,0.8,0.7,0.7,0.7,0.7,0.7,0.7
33,                    Agricultural implement manufacturing,0.1,0.1,0.1,0.1,0.1,0.1,0.1,0.1,0.1,0.1,0.1,0.1,0.1,0.1,0.1,0.1,0.1,0.1,0.1,0.1,0.1,0.1,0.1,0.1,0.1,0.1,0.1
34,                    Construction machinery manufacturing,0.1,0.1,0.1,0.1,0.1,0.1,0.1,0.1,0.1,0.1,0.1,0.1,0.1,0.1,0.1,0.1,0.1,0.1,0.1,0.1,0.1,0.1,0.1,0.1,0.1,0.1,0.1
35,                    Mining and oil and gas field machinery manufacturing,0,0,0,0,0,0,0,0,0,0,0.1,0.1,0.1,0.1,0.1,0.1,0.1,0.1,0,0,0,0,0,0,0,0,0
36,                    Other machinery,1,1,1,0.9,0.8,0.7,0.7,0.7,0.7,0.7,0.7,0.7,0.6,0.6,0.7,0.7,0.7,0.7,0.6,0.6,0.6,0.6,0.6,0.6,0.5,0.5,0.6
37,            Computer and electronic products,2.3,2.1,1.9,2.2,1.6,1.6,1.7,1.6,1.6,1.6,1.6,1.6,1.5,1.5,1.5,1.4,1.4,1.3,1.3,1.3,1.3,1.3,1.2,1.3,1.2,1.1,1.1
38,                    Computer and peripheral equipment manufacturing,0.4,0.4,0.4,0.4,0.3,0.3,0.3,0.3,0.3,0.3,0.3,0.2,0.2,0.2,0.1,0.1,0.1,0.1,0.1,0.1,0.1,0.1,0.1,0.1,0.1,0.1,0.1
39,                    Communications equipment manufacturing,0.4,0.4,0.3,0.4,0.3,0.2,0.3,0.3,0.3,0.3,0.2,0.2,0.2,0.2,0.2,0.2,0.2,0.2,0.2,0.2,0.2,0.1,0.1,0.1,0.1,0.1,0.1
40,                    Semiconductor and other electronic component manufacturing,0.8,0.7,0.6,0.8,0.5,0.5,0.6,0.5,0.5,0.5,0.5,0.5,0.5,0.6,0.6,0.4,0.4,0.4,0.4,0.4,0.4,0.4,0.4,0.4,0.4,0.4,0.4
41,"                    Navigational, measuring, electromedical, and control instruments manufacturing",0.6,0.6,0.5,0.5,0.5,0.5,0.5,0.5,0.5,0.5,0.5,0.5,0.6,0.6,0.6,0.6,0.6,0.6,0.6,0.6,0.6,0.6,0.6,0.6,0.6,0.5,0.5
42,                    Other computer and electronic product manufacturing,0.1,0.1,0.1,0.1,0.1,0.1,0.1,0.1,0.1,0.1,0,0,0,0,0,0,0,0,0,0,0,0,0,0,0,0,0
43,"            Electrical equipment, appliances, and components",0.5,0.4,0.5,0.4,0.4,0.4,0.4,0.3,0.3,0.4,0.3,0.4,0.3,0.3,0.3,0.3,0.3,0.3,0.3,0.3,0.3,0.3,0.3,0.3,0.3,0.3,0.3
44,"            Motor vehicles, bodies and trailers, and parts",1.3,1.4,1.4,1.3,1.2,1.2,1.2,1.1,1,1,0.9,0.6,0.3,0.6,0.7,0.7,0.7,0.8,0.8,0.8,0.8,0.8,0.8,0.7,0.6,0.6,0.6
45,                    Automobile manufacturing,0.3,0.3,0.3,0.3,0.2,0.2,0.2,0.2,0.2,0.2,0.1,0.1,0,0.1,0.1,0.1,0.1,0.1,0.1,0.1,0.1,0.1,0.1,0,0,0.1,0.1
46,                    Light truck and utility vehicle manufacturing,0.3,0.3,0.3,0.3,0.3,0.3,0.3,0.3,0.3,0.2,0.2,0.1,0,0.2,0.2,0.2,0.2,0.2,0.3,0.3,0.3,0.3,0.3,0.2,0.2,0.2,0.2
47,                    Heavy duty truck manufacturing,0,0,0.1,0,0,0,0,0,0,0,0,0,0,0,0,0,0,0,0,0,0,0,0,0,0,0,0
48,"                    Motor vehicle body, trailer, and parts manufacturing",0.7,0.7,0.8,0.7,0.6,0.7,0.7,0.6,0.6,0.5,0.5,0.4,0.2,0.3,0.4,0.4,0.4,0.4,0.4,0.4,0.4,0.4,0.4,0.4,0.3,0.3,0.3
49,            Other transportation equipment,0.7,0.7,0.8,0.7,0.7,0.7,0.6,0.6,0.7,0.7,0.8,0.8,0.8,0.8,0.8,0.8,0.8,0.8,0.8,0.8,0.8,0.8,0.8,0.7,0.6,0.6,0.7
50,                    Aerospace product and parts manufacturing,0.6,0.6,0.6,0.5,0.6,0.5,0.5,0.5,0.5,0.6,0.6,0.6,0.7,0.7,0.7,0.6,0.6,0.6,0.7,0.6,0.6,0.6,0.6,0.5,0.5,0.5,0.5
51,                    All other transportation equipment manufacturing,0.2,0.2,0.2,0.2,0.2,0.1,0.1,0.1,0.1,0.1,0.2,0.2,0.2,0.1,0.2,0.1,0.2,0.1,0.1,0.2,0.1,0.1,0.1,0.2,0.2,0.2,0.2
52,            Furniture and related products,0.3,0.3,0.3,0.3,0.3,0.3,0.3,0.3,0.3,0.2,0.2,0.2,0.2,0.1,0.1,0.1,0.1,0.1,0.2,0.2,0.1,0.1,0.1,0.1,0.1,0.1,0.1
53,            Miscellaneous manufacturing,0.6,0.6,0.6,0.6,0.5,0.6,0.5,0.5,0.5,0.5,0.5,0.5,0.6,0.6,0.5,0.5,0.5,0.5,0.4,0.4,0.4,0.4,0.4,0.4,0.4,0.4,0.4
54,                    Medical equipment and supplies manufacturing,0.3,0.3,0.3,0.3,0.3,0.3,0.3,0.3,0.3,0.3,0.3,0.3,0.4,0.4,0.3,0.3,0.3,0.3,0.3,0.3,0.3,0.3,0.3,0.3,0.3,0.3,0.3
55,                    Other miscellaneous manufacturing,0.3,0.3,0.3,0.3,0.2,0.2,0.2,0.2,0.2,0.2,0.2,0.2,0.2,0.2,0.2,0.2,0.2,0.2,0.1,0.2,0.1,0.1,0.1,0.1,0.1,0.1,0.1
56,        Nondurable goods,6.5,6.4,6.4,6.1,6.1,5.8,5.8,5.8,5.6,5.7,5.6,5.4,5.7,5.5,5.5,5.3,5.3,5.1,5.1,4.8,4.7,5,4.7,4.4,4.8,4.9,4.8
57,            Food and beverage and tobacco products,1.6,1.5,1.7,1.6,1.6,1.6,1.6,1.4,1.4,1.4,1.3,1.3,1.6,1.5,1.3,1.4,1.4,1.4,1.5,1.4,1.4,1.3,1.3,1.4,1.3,1.1,1.2
58,                    Food manufacturing,1,1,1.1,1,1,1,1,0.9,0.9,0.9,0.9,0.9,1,0.9,0.9,0.9,0.9,0.9,1,1,0.9,0.9,0.9,0.9,0.9,0.8,0.8
59,                    Beverage manufacturing,0.2,0.2,0.2,0.2,0.2,0.2,0.2,0.2,0.2,0.2,0.2,0.2,0.3,0.2,0.2,0.2,0.2,0.2,0.2,0.2,0.2,0.2,0.2,0.2,0.2,0.2,0.2
60,                    Tobacco product manufacturing,0.3,0.3,0.4,0.4,0.4,0.3,0.3,0.3,0.3,0.3,0.3,0.2,0.3,0.3,0.3,0.3,0.2,0.2,0.2,0.2,0.2,0.2,0.2,0.2,0.2,0.2,0.2
61,            Textile mills and textile product mills,0.3,0.3,0.3,0.3,0.2,0.2,0.2,0.2,0.2,0.1,0.1,0.1,0.1,0.1,0.1,0.1,0.1,0.1,0.1,0.1,0.1,0.1,0.1,0.1,0.1,0.1,0.1
62,            Apparel and leather and allied products,0.3,0.3,0.2,0.2,0.2,0.2,0.1,0.1,0.1,0.1,0.1,0.1,0.1,0.1,0.1,0.1,0.1,0.1,0.1,0.1,0,0,0,0,0,0,0
63,            Paper products,0.6,0.6,0.6,0.6,0.5,0.5,0.4,0.4,0.4,0.4,0.4,0.3,0.4,0.4,0.3,0.3,0.3,0.3,0.3,0.3,0.3,0.3,0.3,0.3,0.3,0.3,0.3
64,            Printing and related support activities,0.4,0.4,0.4,0.4,0.4,0.4,0.4,0.3,0.3,0.3,0.3,0.3,0.3,0.3,0.2,0.2,0.2,0.2,0.2,0.2,0.2,0.2,0.2,0.2,0.2,0.2,0.2
65,            Petroleum and coal products,0.6,0.6,0.5,0.5,0.6,0.5,0.7,0.9,1.1,1,1.1,1,0.8,0.8,1,1,0.9,0.8,0.7,0.4,0.6,0.7,0.7,0.3,0.6,0.9,0.8
66,            Chemical products,2,2,2,1.8,1.8,1.9,1.8,1.9,1.7,1.8,1.9,1.8,2,2,2,1.9,1.9,1.8,1.8,1.8,1.8,1.9,1.7,1.8,1.9,2,1.9
67,                    Basic chemical manufacturing,0.4,0.4,0.3,0.3,0.3,0.3,0.3,0.3,0.3,0.3,0.3,0.3,0.3,0.5,0.5,0.5,0.5,0.4,0.4,0.4,0.4,0.4,0.4,0.3,0.5,0.5,0.4
68,"                    Resin, rubber, and artificial fibers manufacturing",0.2,0.2,0.2,0.2,0.1,0.1,0.1,0.1,0.1,0.1,0.1,0.1,0.1,0.1,0.1,0.1,0.1,0.1,0.1,0.1,0.1,0.2,0.1,0.1,0.1,0.2,0.1
69,                    Pharmaceutical and medicine manufacturing,0.7,0.8,0.8,0.8,0.8,0.9,0.9,0.9,0.8,0.9,0.9,0.8,1,0.9,0.8,0.8,0.8,0.8,0.8,0.8,0.8,0.8,0.8,0.9,0.9,0.9,0.9
70,                    Other chemical manufacturing,0.7,0.7,0.6,0.6,0.6,0.6,0.5,0.5,0.5,0.5,0.5,0.5,0.5,0.5,0.5,0.5,0.5,0.5,0.5,0.5,0.5,0.5,0.4,0.5,0.5,0.5,0.4
71,            Plastics and rubber products,0.7,0.7,0.7,0.6,0.6,0.6,0.5,0.5,0.5,0.5,0.4,0.4,0.4,0.4,0.4,0.4,0.4,0.4,0.4,0.4,0.4,0.4,0.4,0.4,0.3,0.4,0.4
72,    Wholesale trade,6.2,6.2,6.1,6.1,5.8,5.6,5.6,5.7,5.8,5.9,5.9,6,5.7,5.9,6,6.1,6.2,6.2,6.3,6.1,6,5.9,6,6.1,6,6.1,6
73,        Motor vehicle and motor vehicle parts and supplies merchant wholesalers,0.3,0.3,0.3,0.3,0.3,0.3,0.3,0.3,0.3,0.3,0.3,0.3,0.3,0.3,0.3,0.3,0.4,0.4,0.4,0.4,0.3,0.4,0.4,0.3,0.3,0.4,0.4
74,        Professional and commercial equipment and supplies merchant wholesalers,0.7,0.7,0.8,0.8,0.7,0.7,0.7,0.7,0.7,0.7,0.7,0.7,0.7,0.8,0.8,0.8,0.7,0.7,0.7,0.7,0.6,0.6,0.6,0.7,0.6,0.6,0.6
75,        Household appliances and electrical and electronic goods merchant wholesalers,0.5,0.5,0.5,0.6,0.5,0.5,0.4,0.5,0.4,0.5,0.5,0.5,0.5,0.5,0.5,0.5,0.5,0.5,0.6,0.6,0.6,0.6,0.6,0.6,0.6,0.6,0.6
76,"        Machinery, equipment, and supplies merchant wholesalers",0.6,0.6,0.6,0.6,0.5,0.5,0.5,0.5,0.5,0.5,0.6,0.6,0.5,0.5,0.6,0.6,0.6,0.6,0.6,0.5,0.5,0.5,0.5,0.5,0.5,0.5,0.6
77,        Other durable goods merchant wholesalers,0.9,0.8,0.8,0.8,0.8,0.7,0.7,0.8,0.8,0.8,0.8,0.8,0.7,0.7,0.7,0.8,0.8,0.8,0.8,0.8,0.8,0.8,0.8,0.8,0.8,0.9,0.8
78,        Drugs and druggists sundries merchant wholesalers,0.3,0.3,0.3,0.3,0.4,0.4,0.4,0.4,0.5,0.5,0.5,0.5,0.5,0.5,0.4,0.4,0.4,0.5,0.5,0.5,0.5,0.5,0.5,0.6,0.5,0.6,0.6
79,        Grocery and related products merchant wholesalers,0.5,0.5,0.5,0.5,0.5,0.4,0.4,0.4,0.4,0.4,0.4,0.4,0.4,0.4,0.4,0.4,0.4,0.4,0.5,0.5,0.5,0.5,0.5,0.5,0.5,0.5,0.5
80,        Petroleum and petroleum products merchant wholesalers,0.9,0.9,0.8,0.8,0.8,0.8,0.8,0.8,0.8,0.9,0.9,0.8,0.8,0.8,0.8,0.8,0.8,0.7,0.7,0.6,0.6,0.6,0.6,0.6,0.6,0.6,0.5
81,        Other nondurable goods merchant wholesalers,1.1,1.1,1.1,1,1,1,1,1,1,1,1,1,1,1,1,1,1,1.1,1.1,1.1,1.1,1,1,1,1,1,1
82,        Wholesale electronic markets and agents and brokers,0.2,0.2,0.2,0.2,0.1,0.1,0.1,0.1,0.2,0.2,0.2,0.2,0.2,0.2,0.3,0.3,0.3,0.3,0.2,0.2,0.2,0.1,0.1,0.1,0.1,0.1,0.1
83,        Customs duties,0.2,0.2,0.2,0.2,0.2,0.2,0.2,0.2,0.2,0.2,0.2,0.2,0.2,0.2,0.2,0.2,0.2,0.2,0.2,0.2,0.2,0.3,0.4,0.3,0.4,0.4,0.3
84,    Retail trade,6.8,6.9,6.8,6.7,6.7,6.7,6.7,6.5,6.4,6.3,6,5.8,5.7,5.7,5.7,5.7,5.8,5.8,5.9,6,6,5.9,5.9,6.2,6.5,6.3,6.4
85,        Motor vehicle and parts dealers,1.4,1.4,1.4,1.4,1.3,1.3,1.3,1.2,1.2,1.2,1.1,1,0.9,0.9,1,1,1.1,1.1,1.1,1.2,1.2,1.2,1.2,1.2,1.3,1.3,1.3
86,        Food and beverage stores,1.1,1.1,1,1,1,1,1,1,0.9,0.9,0.9,0.9,0.9,0.9,0.8,0.8,0.8,0.8,0.8,0.8,0.8,0.8,0.8,0.9,0.8,0.8,0.8
87,        General merchandise stores,0.9,1,0.9,0.9,0.9,0.9,1,0.9,0.9,0.9,0.9,0.9,0.9,0.9,0.9,0.8,0.8,0.8,0.8,0.8,0.8,0.8,0.7,0.8,0.8,0.7,0.7
88,        Other retail,3.4,3.5,3.4,3.4,3.5,3.4,3.4,3.4,3.4,3.3,3.2,3,3.1,3,3,3,3.1,3.1,3.1,3.2,3.2,3.2,3.2,3.4,3.5,3.4,3.5
89,            Building material and garden equipment and supplies dealers,0.6,0.6,0.6,0.6,0.6,0.6,0.6,0.6,0.7,0.7,0.6,0.6,0.6,0.5,0.5,0.5,0.5,0.5,0.5,0.5,0.5,0.5,0.5,0.6,0.6,0.5,0.5
90,            Health and personal care stores,0.4,0.4,0.4,0.4,0.4,0.4,0.4,0.4,0.4,0.4,0.3,0.3,0.4,0.4,0.4,0.4,0.4,0.4,0.4,0.4,0.4,0.4,0.3,0.3,0.3,0.3,0.3
91,            Gasoline stations,0.4,0.4,0.4,0.4,0.4,0.4,0.4,0.4,0.4,0.4,0.4,0.4,0.4,0.3,0.3,0.3,0.3,0.3,0.3,0.3,0.3,0.3,0.3,0.3,0.3,0.3,0.3
92,            Clothing and clothing accessories stores,0.5,0.6,0.5,0.5,0.5,0.5,0.5,0.5,0.5,0.4,0.4,0.4,0.4,0.4,0.4,0.4,0.4,0.4,0.4,0.4,0.4,0.3,0.3,0.2,0.3,0.3,0.3
93,            Nonstore retailers,0.4,0.4,0.4,0.4,0.4,0.4,0.5,0.5,0.5,0.6,0.6,0.6,0.6,0.7,0.7,0.7,0.8,0.8,0.8,0.9,0.9,1,1,1.3,1.4,1.3,1.4
94,            All other retail,1.1,1.1,1.1,1.1,1.1,1,1,1,0.9,0.9,0.9,0.8,0.8,0.7,0.7,0.7,0.7,0.7,0.7,0.7,0.7,0.7,0.7,0.6,0.7,0.6,0.6
95,    Transportation and warehousing,3,3.1,3,3,2.9,2.8,2.8,2.9,2.9,3,2.9,2.9,2.8,2.9,2.9,2.9,2.9,3,3.2,3.2,3.2,3.3,3.3,3,3.3,3.5,3.4
96,        Air transportation,0.6,0.6,0.6,0.6,0.5,0.5,0.5,0.5,0.5,0.5,0.5,0.5,0.5,0.6,0.5,0.5,0.6,0.6,0.6,0.7,0.7,0.6,0.7,0.3,0.4,0.6,0.6
97,        Rail transportation,0.2,0.2,0.2,0.2,0.2,0.2,0.2,0.2,0.2,0.2,0.2,0.3,0.2,0.2,0.2,0.2,0.2,0.3,0.3,0.2,0.2,0.2,0.2,0.2,0.2,0.2,0.2
98,        Water transportation,0.1,0.1,0.1,0.1,0.1,0.1,0.1,0.1,0.1,0.1,0.1,0.1,0.1,0.1,0.1,0.1,0.1,0.1,0.1,0.1,0.1,0.1,0.1,0.1,0.1,0.1,0.1
99,        Truck transportation,0.9,0.9,1,1,0.9,0.9,0.9,0.9,0.9,0.9,0.9,0.8,0.8,0.8,0.8,0.8,0.8,0.8,0.9,0.9,0.9,0.9,0.9,0.9,1,1,0.9
100,        Transit and ground passenger transportation,0.2,0.2,0.2,0.2,0.2,0.2,0.2,0.2,0.2,0.2,0.2,0.2,0.2,0.2,0.2,0.2,0.2,0.2,0.2,0.2,0.2,0.2,0.3,0.2,0.2,0.2,0.2
101,        Pipeline transportation,0.1,0.1,0.1,0.1,0.2,0.1,0.1,0.1,0.1,0.1,0.1,0.1,0.1,0.1,0.1,0.2,0.2,0.2,0.2,0.2,0.2,0.2,0.2,0.2,0.2,0.2,0.2
102,        Other transportation and support activities,0.7,0.7,0.6,0.6,0.7,0.7,0.6,0.7,0.7,0.7,0.6,0.6,0.6,0.6,0.6,0.6,0.6,0.6,0.6,0.6,0.6,0.6,0.7,0.8,0.8,0.8,0.7
103,            Scenic and sightseeing transportation and support activities,0.3,0.3,0.3,0.3,0.4,0.4,0.4,0.4,0.4,0.4,0.3,0.3,0.3,0.3,0.3,0.3,0.3,0.3,0.4,0.4,0.3,0.4,0.4,0.4,0.4,0.4,0.4
104,            Couriers and messengers,0.3,0.3,0.3,0.3,0.3,0.3,0.3,0.3,0.3,0.3,0.3,0.3,0.3,0.3,0.3,0.2,0.2,0.2,0.3,0.3,0.3,0.3,0.3,0.4,0.4,0.4,0.4
105,        Warehousing and storage,0.2,0.3,0.3,0.3,0.2,0.2,0.3,0.3,0.3,0.3,0.3,0.3,0.3,0.3,0.3,0.3,0.3,0.3,0.3,0.3,0.3,0.3,0.3,0.4,0.4,0.4,0.4
106,    Information,4.6,4.8,5,4.6,4.7,5,4.9,5.1,4.9,4.7,4.9,5,5,5,4.9,4.7,4.9,4.8,5,5.2,5.1,5,5.3,5.5,5.5,5.3,5.3
107,"        Publishing industries, except internet (includes software)",1.1,1.2,1.4,1.1,1.1,1.2,1.2,1.3,1.3,1.1,1.3,1.2,1.2,1.2,1.2,1.2,1.2,1.2,1.1,1.2,1.2,1.2,1.3,1.4,1.5,1.4,1.4
108,"            Newspaper, periodical, book, and directory publishers",0.7,0.7,0.8,0.6,0.6,0.7,0.7,0.7,0.7,0.6,0.6,0.6,0.5,0.5,0.4,0.4,0.4,0.3,0.3,0.3,0.3,0.3,0.3,0.2,0.2,0.2,0.2
109,            Software publishers,0.4,0.5,0.6,0.5,0.5,0.5,0.5,0.6,0.6,0.6,0.7,0.7,0.7,0.7,0.8,0.8,0.8,0.8,0.8,0.9,0.9,0.9,1,1.2,1.2,1.2,1.2
110,        Motion picture and sound recording industries,0.5,0.5,0.6,0.5,0.6,0.7,0.6,0.6,0.5,0.5,0.5,0.5,0.6,0.6,0.5,0.5,0.5,0.5,0.5,0.5,0.5,0.5,0.4,0.4,0.4,0.4,0.4
111,        Broadcasting and telecommunications,2.6,2.7,2.7,2.7,2.7,2.6,2.5,2.5,2.6,2.5,2.6,2.7,2.6,2.5,2.4,2.3,2.4,2.3,2.4,2.4,2.4,2.3,2.3,2.3,2.1,1.9,1.8
112,            Broadcasting (except Internet),0.4,0.5,0.5,0.5,0.5,0.5,0.5,0.5,0.5,0.5,0.5,0.5,0.5,0.5,0.5,0.5,0.5,0.5,0.5,0.5,0.5,0.5,0.5,0.5,0.4,0.4,0.4
113,            Wired telecommunications carriers,1.9,1.9,1.9,1.8,1.7,1.6,1.5,1.5,1.4,1.3,1.4,1.4,1.3,1.2,1.1,1,1.1,1,1,1.1,1,0.9,0.9,0.9,0.8,0.7,0.7
114,            Wireless telecommunications carriers (except satellites),0.1,0.2,0.2,0.2,0.3,0.4,0.4,0.5,0.5,0.5,0.6,0.6,0.6,0.6,0.6,0.6,0.7,0.7,0.7,0.7,0.7,0.8,0.8,0.8,0.7,0.7,0.6
115,"            Other telecommunications, including satellite",0.1,0.1,0.1,0.1,0.1,0.1,0.1,0.1,0.1,0.1,0.1,0.1,0.1,0.1,0.1,0.1,0.1,0.1,0.1,0.1,0.1,0.1,0.1,0.1,0.1,0.1,0.1
116,"        Data processing, internet publishing, and other information services",0.4,0.4,0.3,0.3,0.4,0.6,0.6,0.6,0.6,0.6,0.5,0.6,0.6,0.7,0.8,0.7,0.9,0.9,1,1.1,1.1,1.1,1.3,1.5,1.6,1.6,1.7
117,"            Data processing, hosting, and related services",0.3,0.3,0.3,0.3,0.3,0.5,0.4,0.5,0.4,0.4,0.3,0.3,0.4,0.4,0.5,0.4,0.4,0.4,0.4,0.5,0.5,0.5,0.6,0.7,0.7,0.8,0.9
118,            Other information services,0.1,0.1,0,0,0.1,0.1,0.1,0.2,0.2,0.2,0.2,0.3,0.3,0.3,0.3,0.3,0.5,0.5,0.5,0.6,0.6,0.6,0.7,0.8,0.8,0.8,0.8
119,"    Finance, insurance, real estate, rental, and leasing",18.8,18.9,19.1,19.3,20.1,20.2,20,19.6,20,19.9,19.8,19.1,20.1,19.9,19.7,20.2,20,20.3,20.4,20.7,20.6,20.6,20.7,21.7,21.1,20.8,21
120,        Finance and insurance,6.7,7,7,7.3,7.6,7.4,7.4,7.1,7.5,7.6,7.1,5.9,6.7,6.6,6.6,7.2,6.8,7.4,7.6,7.8,7.7,7.6,7.7,8,7.8,7.4,7.3
121,"            Federal Reserve banks, credit intermediation, and related activities",2.7,2.9,3.1,3.1,3.2,3.5,3.5,3.1,3.2,3.1,2.8,2.8,2.8,2.8,3,3.2,3,3.2,3.2,3.3,3.3,3.3,3.4,3.6,3.6,3.4,3.3
122,"            Securities, commodity contracts, and investments",1.4,1.3,1.3,1.3,1.8,1.5,1.3,1.3,1.5,1.6,1.4,0.7,1.3,1.3,1.1,1.4,1.5,1.3,1.3,1.4,1.4,1.4,1.3,1.5,1.5,1.3,1.3
123,            Insurance carriers and related activities,2.5,2.6,2.4,2.7,2.5,2.3,2.4,2.6,2.7,2.7,2.8,2.4,2.5,2.5,2.5,2.5,2.3,2.8,3.1,3.1,2.9,2.9,2.9,3,2.7,2.6,2.6
124,                Direct life insurance carriers,0.5,0.6,0.6,0.6,0.5,0.5,0.4,0.5,0.5,0.6,0.6,0.5,0.5,0.5,0.4,0.4,0.3,0.3,0.3,0.3,0.3,0.3,0.3,0.3,0.2,0.2,0.2
125,"                Insurance carriers, except direct life insurance",1.2,1.3,1.2,1.3,1.2,1.2,1.4,1.5,1.5,1.5,1.6,1.3,1.4,1.4,1.4,1.4,1.3,1.6,1.7,1.8,1.6,1.6,1.6,1.7,1.4,1.4,1.3
126,"                Agencies, brokerages, and other insurance related activities",0.7,0.7,0.7,0.7,0.7,0.7,0.7,0.7,0.7,0.6,0.6,0.6,0.6,0.6,0.6,0.8,0.7,0.9,1,1.1,1,1,1,1,1,1,1
127,"            Funds, trusts, and other financial vehicles",0.1,0.1,0.2,0.1,0.1,0.1,0.1,0.1,0.1,0.1,0.1,0,0,0,0,0.1,0.1,0.1,0,0,0,0,0,0,0.1,0.1,0.1
128,        Real estate and rental and leasing,12.1,11.8,12.1,12,12.6,12.8,12.7,12.4,12.5,12.3,12.7,13.2,13.4,13.3,13.2,13,13.1,12.9,12.8,12.9,12.9,13,13,13.6,13.3,13.4,13.7
129,            Real estate,10.8,10.6,10.7,10.7,11.2,11.5,11.4,11.3,11.4,11.1,11.5,12,12.2,12.2,12.1,12,12.1,11.9,11.7,11.8,11.8,11.9,11.9,12.5,12.1,12.2,12.4
130,                Housing,9,9,9,9,9.4,9.4,9.3,9.3,9.3,9.2,9.3,9.8,10.1,9.9,9.8,9.5,9.4,9.2,9.1,9.2,9.2,9.1,9.2,9.7,9.2,9.3,9.5
131,                    Owner-occupied housing,6.5,6.5,6.6,6.6,7,7,7,6.9,7,6.9,7,7.5,7.7,7.5,7.4,7.1,7,6.9,6.8,6.8,6.8,6.8,6.8,7.2,6.9,6.9,7.1
132,                    Tenant-occupied housing,2.5,2.5,2.4,2.4,2.4,2.4,2.3,2.3,2.3,2.3,2.3,2.3,2.4,2.4,2.4,2.4,2.4,2.4,2.4,2.4,2.3,2.3,2.4,2.4,2.3,2.4,2.4
133,                Other real estate,1.9,1.6,1.7,1.7,1.8,2.1,2.1,2,2.1,1.8,2.2,2.1,2.1,2.3,2.4,2.5,2.6,2.6,2.6,2.6,2.6,2.8,2.7,2.8,2.9,2.9,2.9
134,            Rental and leasing services and lessors of intangible assets,1.2,1.2,1.3,1.3,1.4,1.3,1.2,1.1,1.1,1.2,1.1,1.2,1.1,1.1,1,1.1,1.1,1.1,1.1,1.1,1.1,1.1,1.1,1.1,1.2,1.2,1.3
135,    Professional and business services,9.8,10.1,10.4,10.8,10.9,10.9,10.9,11,11.1,11.2,11.5,12,11.7,11.8,11.9,12.1,12,12,12.2,12.3,12.4,12.5,12.7,12.8,12.9,13,13
136,"        Professional, scientific, and technical services",5.8,6,6.2,6.4,6.5,6.5,6.5,6.5,6.5,6.6,6.8,7.3,7.1,7.1,7.2,7.3,7.2,7.2,7.4,7.4,7.4,7.6,7.7,7.8,7.9,7.9,8
137,            Legal services,1.2,1.3,1.3,1.3,1.3,1.4,1.4,1.5,1.5,1.5,1.5,1.6,1.5,1.4,1.4,1.3,1.3,1.3,1.3,1.4,1.4,1.3,1.3,1.4,1.4,1.3,1.3
138,            Computer systems design and related services,0.9,1,1.1,1.1,1.1,1,1,1,1,1.1,1.2,1.2,1.3,1.3,1.4,1.6,1.5,1.5,1.6,1.6,1.7,1.7,1.8,1.8,1.8,1.8,1.8
139,"            Miscellaneous professional, scientific, and technical services",3.7,3.8,3.9,4,4,4.2,4,4,4,4.1,4.1,4.5,4.4,4.4,4.4,4.4,4.4,4.4,4.5,4.4,4.4,4.5,4.6,4.6,4.7,4.8,4.9
140,"                Accounting, tax preparation, bookkeeping, and payroll services",0.5,0.6,0.6,0.6,0.6,0.7,0.6,0.6,0.7,0.7,0.7,0.8,0.7,0.7,0.7,0.7,0.7,0.7,0.7,0.7,0.6,0.6,0.7,0.7,0.6,0.7,0.7
141,"                Architectural, engineering, and related services",0.9,0.9,0.9,0.9,1,1,0.9,0.9,0.9,1,1,1.1,1,1,1,1,1,1.1,1.1,1,1.1,1.1,1.1,1,1,1,1.1
142,"                Management, scientific, and technical consulting services",0.6,0.7,0.7,0.7,0.8,0.8,0.7,0.7,0.7,0.7,0.8,0.8,0.8,0.9,0.9,1,1,1,1,1,1,1.1,1.1,1.1,1.1,1.2,1.2
143,                Scientific research and development services,0.7,0.7,0.7,0.7,0.7,0.7,0.6,0.6,0.6,0.5,0.5,0.6,0.6,0.6,0.6,0.6,0.6,0.6,0.6,0.6,0.6,0.6,0.7,0.8,0.8,0.8,0.8
144,"                Advertising, public relations, and related services",0.4,0.4,0.5,0.5,0.5,0.5,0.5,0.5,0.5,0.5,0.6,0.6,0.5,0.6,0.6,0.5,0.5,0.5,0.5,0.5,0.5,0.5,0.5,0.5,0.5,0.5,0.5
145,"                Specialized design services and other professional, scientific, and technical services",0.6,0.6,0.6,0.5,0.6,0.6,0.6,0.6,0.6,0.6,0.6,0.6,0.6,0.7,0.7,0.7,0.6,0.6,0.6,0.6,0.6,0.6,0.6,0.6,0.7,0.7,0.7
146,        Management of companies and enterprises,1.5,1.5,1.5,1.7,1.6,1.6,1.6,1.7,1.6,1.7,1.7,1.7,1.7,1.8,1.8,1.9,1.9,1.9,1.9,1.9,1.9,1.9,1.9,1.9,1.9,1.9,1.8
147,        Administrative and waste management services,2.5,2.6,2.6,2.8,2.8,2.7,2.8,2.8,2.9,2.9,3,3,2.8,2.9,2.9,2.9,2.9,2.9,3,3,3.1,3.1,3.1,3,3.1,3.2,3.2
148,            Administrative and support services,2.3,2.3,2.4,2.5,2.5,2.5,2.5,2.6,2.7,2.7,2.7,2.7,2.6,2.6,2.6,2.7,2.6,2.7,2.7,2.7,2.8,2.8,2.8,2.8,2.8,2.9,2.9
149,                    Employment services,0.7,0.8,0.8,1,0.9,0.8,0.8,0.9,0.9,1,1,1,0.9,1,1.1,1.2,1.2,1.2,1.2,1.2,1.3,1.3,1.3,1.3,1.4,1.4,1.3
150,                    Services to buildings and dwellings,0.4,0.4,0.4,0.5,0.5,0.5,0.5,0.5,0.6,0.6,0.6,0.6,0.6,0.6,0.6,0.5,0.5,0.5,0.5,0.5,0.5,0.5,0.5,0.6,0.6,0.6,0.6
151,                    Other administrative and support services,1.1,1.1,1.1,1,1.1,1.2,1.2,1.1,1.1,1.1,1.1,1.1,1.1,1.1,1,1,1,1,1,1,1,1,1,0.9,0.9,0.9,1
152,            Waste management and remediation services,0.3,0.3,0.3,0.3,0.3,0.3,0.3,0.3,0.3,0.2,0.2,0.2,0.3,0.3,0.3,0.3,0.3,0.3,0.3,0.3,0.3,0.3,0.3,0.3,0.3,0.3,0.3
153,"    Educational services, health care, and social assistance",6.9,6.8,6.8,6.8,7.1,7.4,7.5,7.6,7.4,7.5,7.5,8,8.8,8.7,8.7,8.7,8.6,8.5,8.6,8.8,8.8,8.7,8.7,8.8,8.5,8.3,8.5
154,        Educational services,0.9,0.9,0.9,0.9,1,1,1,1.1,1,1,1,1.1,1.3,1.3,1.3,1.3,1.3,1.3,1.3,1.3,1.3,1.2,1.3,1.2,1.1,1.1,1.1
155,        Health care and social assistance,6,5.9,5.9,5.9,6.1,6.4,6.5,6.5,6.4,6.5,6.5,6.9,7.5,7.4,7.4,7.4,7.3,7.2,7.3,7.5,7.5,7.4,7.5,7.6,7.3,7.1,7.4
156,            Ambulatory health care services,2.9,2.9,2.8,2.8,2.9,3.1,3.1,3.1,3,3.1,3.1,3.3,3.5,3.5,3.6,3.5,3.5,3.5,3.5,3.6,3.6,3.6,3.6,3.6,3.6,3.5,3.6
157,                Offices of physicians,1.5,1.5,1.5,1.5,1.5,1.6,1.6,1.6,1.5,1.5,1.5,1.6,1.7,1.7,1.7,1.7,1.7,1.7,1.6,1.6,1.6,1.5,1.6,1.5,1.5,1.5,1.5
158,                Offices of dentists,0.4,0.4,0.4,0.4,0.4,0.4,0.4,0.4,0.4,0.4,0.4,0.5,0.5,0.5,0.5,0.4,0.4,0.5,0.5,0.5,0.5,0.5,0.5,0.4,0.5,0.5,0.5
159,                Offices of other health practitioners,0.3,0.3,0.3,0.3,0.3,0.3,0.3,0.3,0.3,0.3,0.3,0.3,0.4,0.4,0.4,0.4,0.4,0.4,0.4,0.4,0.4,0.4,0.4,0.4,0.4,0.4,0.5
160,                Outpatient care centers,0.2,0.2,0.2,0.2,0.3,0.3,0.3,0.3,0.3,0.3,0.3,0.3,0.3,0.3,0.4,0.4,0.4,0.4,0.4,0.5,0.5,0.5,0.5,0.5,0.5,0.5,0.5
161,                Other ambulatory health care services,0.5,0.4,0.4,0.4,0.4,0.5,0.5,0.5,0.5,0.5,0.5,0.6,0.6,0.7,0.7,0.6,0.6,0.6,0.6,0.6,0.6,0.6,0.6,0.7,0.7,0.6,0.7
162,            Hospitals,1.9,1.9,1.9,1.9,2,2.1,2.1,2.2,2.1,2.1,2.1,2.3,2.5,2.5,2.5,2.5,2.4,2.4,2.5,2.5,2.5,2.4,2.4,2.5,2.4,2.3,2.3
163,            Nursing and residential care facilities,0.7,0.7,0.7,0.7,0.7,0.7,0.7,0.7,0.7,0.7,0.7,0.7,0.8,0.8,0.8,0.8,0.8,0.8,0.8,0.8,0.8,0.7,0.7,0.8,0.7,0.7,0.7
164,            Social assistance,0.5,0.5,0.5,0.5,0.5,0.5,0.6,0.6,0.6,0.6,0.6,0.6,0.6,0.6,0.6,0.6,0.6,0.6,0.6,0.6,0.7,0.7,0.7,0.7,0.7,0.7,0.7
165,"    Arts, entertainment, recreation, accommodation, and food services",3.5,3.6,3.7,3.8,3.7,3.8,3.8,3.8,3.7,3.7,3.7,3.7,3.7,3.7,3.7,3.8,3.9,3.9,4.1,4.2,4.2,4.2,4.3,3.2,3.8,4.1,4.4
166,"        Arts, entertainment, and recreation",0.9,0.9,0.9,1,0.9,0.9,1,1,0.9,0.9,0.9,1,1,1,1,1.1,1,1.1,1,1.1,1.1,1.1,1.1,0.8,0.9,1,1.1
167,"            Performing arts, spectator sports, museums, and related activities",0.4,0.4,0.5,0.5,0.5,0.5,0.5,0.5,0.5,0.5,0.5,0.6,0.6,0.6,0.6,0.6,0.6,0.6,0.6,0.6,0.6,0.7,0.7,0.5,0.5,0.6,0.6
168,"            Amusements, gambling, and recreation industries",0.5,0.5,0.5,0.5,0.4,0.4,0.4,0.4,0.4,0.4,0.4,0.4,0.4,0.4,0.4,0.4,0.4,0.4,0.4,0.4,0.4,0.4,0.4,0.3,0.4,0.4,0.5
169,        Accommodation and food services,2.6,2.6,2.7,2.8,2.8,2.8,2.8,2.8,2.8,2.8,2.7,2.7,2.7,2.7,2.7,2.8,2.8,2.9,3,3.1,3.1,3.1,3.2,2.4,2.9,3.1,3.3
170,            Accommodation,0.8,0.8,0.9,0.9,0.9,0.8,0.8,0.8,0.8,0.8,0.9,0.8,0.7,0.7,0.8,0.8,0.8,0.8,0.9,0.9,0.9,0.9,0.9,0.6,0.7,0.8,0.9
171,            Food services and drinking places,1.8,1.8,1.9,1.9,1.9,2,2,2,1.9,1.9,1.9,1.9,1.9,1.9,1.9,2,2,2,2.2,2.2,2.2,2.2,2.3,1.9,2.2,2.3,2.4
172,"    Other services, except government",2.7,2.7,2.7,2.7,2.5,2.6,2.5,2.4,2.4,2.4,2.3,2.2,2.3,2.2,2.1,2.1,2.1,2.2,2.2,2.2,2.2,2.2,2.2,2.1,2,2.1,2.1
173,        Repair and maintenance,0.9,0.9,0.9,0.9,0.8,0.8,0.7,0.7,0.7,0.7,0.7,0.6,0.6,0.6,0.6,0.6,0.6,0.6,0.6,0.6,0.7,0.7,0.7,0.7,0.7,0.6,0.7
174,        Personal and laundry services,0.9,0.9,0.9,0.9,0.8,0.8,0.7,0.7,0.7,0.7,0.7,0.6,0.6,0.6,0.6,0.6,0.6,0.6,0.6,0.6,0.6,0.6,0.6,0.4,0.5,0.5,0.6
175,"        Religious, grantmaking, civic, professional, and similar organizations",0.8,0.8,0.8,0.8,0.8,0.9,0.9,0.9,0.8,0.8,0.9,0.9,0.9,0.9,0.9,0.9,0.9,0.9,0.9,0.9,0.9,0.9,0.9,0.9,0.8,0.8,0.8
176,        Private households,0.1,0.2,0.1,0.1,0.1,0.1,0.1,0.1,0.1,0.1,0.1,0.1,0.1,0.1,0.1,0.1,0.1,0.1,0.1,0.1,0.1,0.1,0.1,0.1,0.1,0.1,0.1
177,Government,13.4,13.1,13,12.9,13.2,13.5,13.5,13.4,13.1,13,13,13.4,14.1,14,13.7,13.3,13.1,12.9,12.8,12.7,12.5,12.4,12.2,12.7,11.9,11.3,11.2
178,    Federal,4.6,4.4,4.2,4.1,4.1,4.2,4.4,4.3,4.2,4.2,4.2,4.3,4.6,4.6,4.6,4.4,4.2,4.1,4,4,3.9,3.9,3.8,4,3.8,3.6,3.6
179,        Federal general government,3.9,3.7,3.6,3.5,3.5,3.6,3.8,3.8,3.7,3.7,3.7,3.9,4.2,4.3,4.2,4.1,3.9,3.8,3.7,3.7,3.6,3.5,3.5,3.7,3.5,3.4,3.4
180,            National defense,2.5,2.3,2.2,2.1,2.1,2.2,2.3,2.3,2.3,2.3,2.3,2.4,2.6,2.6,2.6,2.5,2.4,2.3,2.2,2.1,2.1,2,2,2.1,2,1.9,1.9
181,            Nondefense,1.4,1.4,1.4,1.4,1.4,1.4,1.5,1.5,1.4,1.4,1.4,1.5,1.6,1.6,1.6,1.6,1.5,1.5,1.5,1.5,1.5,1.5,1.5,1.6,1.5,1.4,1.5
182,        Federal government enterprises,0.7,0.7,0.6,0.6,0.6,0.6,0.6,0.5,0.5,0.5,0.5,0.4,0.4,0.4,0.3,0.3,0.3,0.3,0.3,0.3,0.3,0.3,0.3,0.3,0.3,0.3,0.2
183,    State and local,8.8,8.8,8.8,8.8,9.1,9.3,9.2,9.1,8.9,8.8,8.9,9.1,9.5,9.4,9.1,8.9,8.9,8.8,8.8,8.7,8.6,8.5,8.4,8.7,8.1,7.7,7.6
184,        State and local general government,8,8,8,8,8.3,8.5,8.5,8.3,8.2,8.1,8.2,8.5,8.8,8.7,8.4,8.2,8.2,8.1,8,8,7.9,7.8,7.7,8,7.5,7.1,7
185,            State and local government educational services,4.3,4.3,4.3,4.3,4.4,4.5,4.5,4.4,4.3,4.2,4.3,4.4,4.6,4.5,4.4,4.3,4.3,4.2,4.2,4.2,4.1,4.1,4,4.2,3.9,3.6,3.6
186,            State and local government hospitals and health services,0.8,0.8,0.8,0.8,0.8,0.8,0.8,0.8,0.8,0.8,0.8,0.8,0.8,0.8,0.8,0.8,0.8,0.8,0.8,0.8,0.8,0.8,0.8,0.8,0.8,0.7,0.7
187,            State and local government other services,3,3,3,3,3.1,3.2,3.2,3.1,3.1,3.1,3.2,3.3,3.4,3.3,3.2,3.1,3.1,3,3,3,3,2.9,2.9,3,2.8,2.7,2.7
188,        State and local government enterprises,0.8,0.8,0.8,0.7,0.8,0.7,0.7,0.7,0.7,0.7,0.6,0.7,0.7,0.7,0.7,0.7,0.8,0.8,0.8,0.8,0.7,0.7,0.7,0.7,0.6,0.6,0.6
189,        Private goods-producing industries 1,22.5,22,21.7,21.7,20.6,19.9,20.1,20.5,20.7,20.9,20.9,20.2,18.4,18.4,18.8,18.6,18.8,18.6,17.7,17,17.3,17.6,17.1,16.3,16.8,17.5,17.1
190,        Private services-producing industries 2,64.2,64.9,65.3,65.4,66.2,66.6,66.3,66.2,66.2,66.1,66.1,66.3,67.5,67.6,67.5,68.1,68.1,68.5,69.5,70.3,70.2,70,70.7,71,71.3,71.2,71.7
191,        Information-communications-technology-producing industries 3,5.9,6,6,6.2,5.8,5.7,5.7,5.8,5.8,5.8,5.9,6.1,6.1,6.2,6.2,6.1,6.3,6.2,6.4,6.6,6.7,6.7,7,7.4,7.4,7,7